index,Frequency
justdoit,64
world,25
dream,18
woman,14
nike,14
crazy,14
play,13
like,13
find,13
see,12
never,10
win,10
first,10
make,9
inspire,9
athlete,9
change,9
tell,9
new,9
run,9
capture,9
step,8
believe,8
foot,8
sport,8
always,8
good,8
start,8
story,8
work,8
record,7
look,7
old,7
home,7
team,7
keep,7
let,7
get,7
lockdown,6
community,6
major,6
year,6
stop,6
prove,6
boxer,6
bio,6
finish,6
fight,6
2020,6
become,6
big,6
ever,6
link,6
great,6
mile,6
even,5
challenge,5
another,5
every,5
game,5
love,5
igtv,5
life,5
neymarjr,5
comment,5
full,5
give,5
quot,5
heart,5
marathon,5
today,5
stay,5
break,5
local,5
time,5
live,5
bring,5
title,5
tomorrow,4
family,4
say,4
football,4
rafaelnadal,4
history,4
number,4
line,4
chase,4
medal,4
walk,4
grow,4
boxing,4
gym,4
way,4
matter,4
girl,4
place,4
day,4
stand,4
stage,4
watch,4
player,4
set,4
belief,4
black,4
together,4
lot,4
thing,4
championship,4
away,4
hour,4
feel,4
champion,4
wear,4
london,4
barrier,4
zeina,4
city,4
runner,4
share,4
kipchogeeliud,3
mean,3
dive,3
click,3
kipchoge,3
kid,3
part,3
show,3
use,3
know,3
yesterday,3
ring,3
race,3
cortez,3
houston,3
winner,3
late,3
makena,3
instructor,3
early,3
rule,3
hypervenom,3
tag,3
people,3
crew,3
something,3
everything,3
bar,3
nothing,3
lose,3
power,3
eliud,3
future,3
everywhere,3
equality,3
since,3
mother,3
night,3
would,3
follow,3
self,3
back,3
forever,3
hijab,3
far,3
forget,3
introduce,3
high,3
quit,3
could,3
500,3
hard,3
create,3
kabul,3
fast,3
around,3
think,3
meet,3
everyone,3
series,2
tonight,2
possible,2
paris,2
level,2
remember,2
inspiration,2
bear,2
young,2
still,2
nomaybe,2
york,2
anyone,2
hoop,2
raise,2
fan,2
found,2
much,2
flamenco,2
afghan,2
match,2
harlem,2
viva,2
role,2
squad,2
close,2
member,2
write,2
collide,2
playfortheworld,2
past,2
really,2
debut,2
dedicate,2
changeme2012,2
ballet,2
court,2
help,2
excuse,2
catch,2
hand,2
inclusive,2
gold,2
guideline,2
blacksinballet,2
coach,2
nikerunning,2
field,2
soccer,2
baller,2
expectation,2
leave,2
ramla,2
dance,2
china,2
partner,2
abuelas,2
ingrid,2
lace,2
age,2
enjoy,2
pound,2
doubt,2
samanthakerr20,2
already,2
accordance,2
trophy,2
rogerfederer,2
knit,2
failure,2
swim,2
zoom,2
referee,2
amp,2
information,2
friend,2
jersey,2
talk,2
congrats,2
sign,2
forward,2
advantage,2
define,2
breaking2,2
seem,2
baltimore,2
anything,2
reason,2
join,2
must,2
across,2
center,2
yeah,2
visit,2
sisterhood,2
minute,2
without,2
pitch,2
feature,2
favorite,2
timer,2
small,2
allow,2
kendricklamar,2
wake,2
weekend,2
yoga,2
amount,2
jumpman23,2
flower,2
pro,2
pay,2
tough,2
alone,2
support,2
fly,2
nikewomen,2
basketball,2
underdog,2
continue,2
represent,2
top,2
sunset,2
brilliance,2
defend,2
kick,2
trail,2
real,2
outside,2
scream,2
learn,2
important,2
scuba,2
straight,2
health,2
practice,2
evgenia,2
safe,2
street,2
proof,2
true,2
clay,2
female,2
tight,2
shoulder,2
generation,2
teach,2
bet,2
professional,2
star,2
two,2
melbournes,1
surfing,1
tragedy,1
palsy,1
mvp,1
reality,1
yard,1
vocal,1
spirited,1
capable,1
deepen,1
rain,1
paddle,1
chalet,1
kenny,1
journey,1
4th,1
resident,1
mat,1
nassar,1
educate,1
book,1
weplayreal,1
exactly,1
saturday,1
nyc,1
sand,1
outplay,1
gspon,1
shy,1
hail,1
moment,1
opportunity,1
bennncareyyy,1
sam,1
superpower,1
nationalchampionship,1
b360baltimore,1
bay,1
youth,1
company,1
creed2,1
letter,1
condolence,1
affect,1
games,1
magic,1
youand,1
space,1
olympics,1
dozen,1
nymade,1
tribute,1
yasemin,1
dreams,1
village,1
19th,1
nigeria,1
german,1
manila,1
dreamer,1
well,1
evening,1
mercurial,1
club,1
wan,1
difference,1
nikecourt,1
someone,1
cerebral,1
bears,1
tinkering,1
kendrick,1
aspiration,1
busy,1
playinside,1
polite,1
deserve,1
hiking,1
ice,1
environment,1
pain,1
connect,1
legend,1
roxannefequiere,1
design,1
hype,1
yet,1
daunt,1
superhero,1
kieran,1
disability,1
commit,1
nikefootball,1
right,1
cristiano,1
planet,1
enough,1
cntknockbhustle,1
rafa,1
burn,1
expect,1
alosaimi,1
nocta,1
jordan,1
boot,1
routine,1
joy,1
2024,1
paula_radcliffe,1
thatbigguy700,1
nature,1
consistently,1
empower,1
syllable,1
front,1
shanghai,1
historic,1
skill,1
wish,1
goskateboardingday,1
attention,1
orizaba,1
weeknight,1
rewrote,1
perth,1
illegal,1
shaquem_griffin,1
somaliboxer,1
relax,1
audience,1
starting,1
smile,1
drakes,1
diamonds,1
profit,1
organization,1
ronaldo,1
cultural,1
folk,1
human,1
head,1
nikesverige,1
embody,1
huge,1
perform,1
update,1
200,1
michaelbjordan,1
carry,1
masterpiece,1
career,1
except,1
indigenous,1
yuyang_liu,1
drop,1
successful,1
legacy,1
eliseblchrd,1
rarely,1
leepster,1
ingridsilva,1
innovation,1
loop,1
breath,1
school,1
word,1
adversity,1
jawahir_roble,1
shine,1
simple,1
titan,1
progress,1
camp,1
beautiful,1
refrain,1
thought,1
cool,1
tradition,1
program,1
century,1
crackdown,1
europe,1
paradise,1
dirt,1
nikelondon,1
need,1
makersofthegame,1
toenail,1
racial,1
280,1
asian,1
count,1
check,1
turn,1
serious,1
honeys,1
made,1
snow,1
lizamaman,1
gasp,1
association,1
united,1
performer,1
kerr,1
map,1
elite,1
lineup,1
recruit,1
british,1
whose,1
backroad,1
sell,1
person,1
total,1
gender,1
tired,1
slice,1
hot,1
supreme,1
cholitasescaladoras,1
brunch,1
unusual,1
desert,1
toddantonyphoto,1
hungry,1
manage,1
youcantstopus,1
ensure,1
owner,1
begin,1
north,1
stubborn,1
pride,1
collection,1
try,1
devote,1
sound,1
mambaday,1
ghanian,1
trend,1
crush,1
benchmark,1
discover,1
victory,1
homework,1
universal,1
mistake,1
compare,1
app,1
jumpman,1
elementary,1
box,1
summit,1
body,1
effect,1
stem,1
gateway,1
collective,1
pavement,1
hoops,1
limitation,1
simonahalep,1
less,1
awhile,1
weight,1
many,1
album,1
embrace,1
doctor,1
costume,1
hope,1
east,1
voltwoman,1
boxingbuatsi,1
audacious,1
suggestion,1
vegas,1
hook,1
making,1
national,1
alexroca91,1
fail,1
cover,1
overcome,1
roof,1
asdavidelliott,1
185,1
south,1
access,1
betterforit,1
hanin,1
train,1
transformation,1
swimming,1
equitable,1
mathewfras,1
maker,1
beyond,1
lagos,1
excited,1
liquid,1
congratulation,1
society,1
600,1
inner,1
student,1
social,1
odd,1
recently,1
diving,1
nigeria_surfe,1
trust,1
fittest,1
actually,1
luoyangggg,1
whistle,1
bad,1
teen,1
seat,1
single,1
slope,1
aggressive,1
put,1
final,1
commitment,1
protect,1
free,1
convince,1
class,1
timely,1
cross,1
stone,1
serenawilliam,1
wrestler,1
complaining,1
internationally,1
seven,1
argentina,1
smash,1
earth,1
centric,1
lead,1
mission,1
women,1
stream,1
aconcagua,1
nrc,1
selfie,1
headband,1
water,1
dominicnahr,1
nikeyoungathlete,1
swiss,1
golden,1
stadium,1
headphone,1
champagnepapi,1
father,1
upholdlongstande,1
domfishback,1
hang,1
brazil,1
strong,1
wave,1
roster,1
mexico,1
everest,1
short,1
soft,1
dahl,1
stick,1
iconic,1
rush,1
askwhatif,1
untilweallwin,1
holder,1
credit,1
reppe,1
shatter,1
stopasianhate,1
ground,1
exist,1
reign,1
tide,1
goal,1
hwpo,1
ago,1
soul,1
giannas,1
uplift,1
goals,1
unthinkable,1
hit,1
unlimited,1
eye,1
later,1
hear,1
spain,1
qualify,1
partnership,1
realize,1
recognize,1
spotlight,1
native,1
weekday,1
greeting,1
shredder,1
synchronized,1
tiny,1
compete,1
summer,1
knock,1
boy,1
fakhriamomtaz,1
celebrate,1
surf,1
nikerunne,1
beat,1
endurance,1
church,1
middle,1
decide,1
cold,1
someday,1
damn,1
wheelchair,1
value,1
defeat,1
accolade,1
believer,1
gain,1
square,1
pretend,1
ten,1
next,1
culture,1
traditional,1
sky,1
serenawilliams,1
barcelona,1
screen,1
sunshine,1
education,1
nourish,1
equipment,1
attitude,1
covid,1
brittany,1
werunsf,1
justice,1
mariasharapova,1
superfly,1
style,1
keenanmac,1
movement,1
group,1
mamba,1
subject,1
warm,1
refuse,1
accomplishment,1
birthplace,1
hainan,1
oddsmaker,1
blister,1
involve,1
bonding,1
five,1
pretty,1
olympic,1
kianahayeri,1
stigma,1
open,1
impossible,1
friendship,1
nation,1
whole,1
tie,1
post,1
tarkwa,1
tennis,1
proclaim,1
winter,1
often,1
cortezkenny,1
flongala,1
invest,1
notch,1
manmade,1
speed,1
fourth,1
njr,1
grade,1
dancer,1
podium,1
performance,1
medvedeva,1
expedition,1
four,1
universe,1
relentless,1
twice,1
smell,1
adela,1
form,1
naomiosaka,1
adar,1
mind,1
unstoppable,1
nouf,1
sanity,1
morning,1
fear,1
defender,1
third,1
country,1
interesting,1
got,1
curriculum,1
sofast,1
bolivian,1
crossfit,1
lovingly,1
sanctuary,1
alps,1
riding,1
track,1
miss,1
bike,1
fun,1
experience,1
little,1
teamnike,1
dare,1
distance,1
quiet,1
nani183,1
model,1
redseacitizen,1
obstacle,1
premiere,1
ronanksm,1
measure,1
international,1
earthday,1
ampe,1
inside,1
cassandragiraldo,1
fact,1
stereotype,1
entertainer,1
playing,1
taco,1
mindful,1
shoot,1
unknown,1
breathtaking,1
kobe,1
tde,1
altitude,1
significant,1
drag,1
surfer,1
7th,1
art,1
grief,1
usa,1
via,1
ride,1
white,1
strength,1
ocean,1
cheer,1
alpine,1
troupe,1
imagine,1
focus,1
energy,1
asphalt,1
madrid,1
surround,1
music,1
instead,1
1952,1
welcome,1
news,1
fearlessly,1
collaboration,1
ethic,1
alwaysbelieve,1
toe,1
momtaz,1
manuellinan,1
fastest,1
rubber,1
finalist,1
australia,1
please,1
height,1
signature,1
happy,1
olihillyer_riley,1
anymore,0
brasil,0
tatyanamcfaddenusa,0
runfree,0
smith,0
1948london,0
sized,0
dynamic,0
shore,0
town,0
border,0
wool,0
rip,0
ceejjoe,0
fitzgerald,0
spirit,0
obstacleshead,0
fee,0
legendary,0
getting,0
breed,0
mental,0
specially,0
sixteen,0
silva,0
courtballistic,0
lucky,0
finisher,0
sexism,0
fat_girl_has_moxi,0
flair,0
detachable,0
brave,0
parent,0
raheem,0
womens,0
panamericana,0
unite,0
reach,0
taekwondo,0
wildhorse,0
vision,0
londiwe,0
insight,0
courage,0
graviteam,0
chloekim,0
warning,0
kilometer,0
fortunate,0
wnba,0
nikefootballs,0
within,0
rely,0
fall,0
second,0
boundary,0
amandine,0
rungrlco,0
wonder,0
femle,0
cream,0
draft,0
wonderland,0
glass,0
attack,0
common,0
arm,0
spin,0
african,0
draw,0
photoby217,0
chrome,0
chris,0
climb,0
defiant,0
comfort,0
view,0
yaman,0
tudo,0
perception,0
proper,0
sxsw,0
objetivo,0
wrestling,0
steve,0
hill,0
naturally,0
hometown,0
undersized,0
european,0
pres,0
grace,0
monthly,0
responsabilidade,0
pronto,0
eugene,0
chinese,0
amandine_henry,0
maintain,0
curious,0
hopeful,0
footage,0
mold,0
taper,0
autzen,0
roll,0
techpack,0
1960,0
keepitcome,0
sure,0
facet,0
zero,0
epic,0
essential,0
cake,0
juliamancuso,0
vital,0
weightlifting,0
dominicleungcuts,0
leap,0
devastating,0
traction,0
hoje,0
shalaneflanagan,0
cup,0
stress,0
anytime,0
touchline,0
technically,0
janeiro,0
gianna,0
range,0
contribute,0
pep,0
steep,0
riskeverything,0
supportive,0
kingjames,0
projectrunfree,0
drive,0
last,0
francisco,0
impossibly,0
kdv,0
breakdancing,0
seleo,0
giant,0
appearance,0
destroyer,0
holywood,0
lesson,0
adorn,0
superstar,0
thai,0
happen,0
grand,0
clint_dempsey,0
aja22wilson,0
powerful,0
memorable,0
air,0
chile,0
explosiveness,0
lf1,0
cycle,0
footy,0
monbijou,0
famous,0
musicfestnw,0
teammate,0
deliver,0
shernnotsean,0
hole,0
rorymcilroy,0
refresh,0
kind,0
diversity,0
mr_mosher,0
slam,0
nesi,0
playground,0
phiawilson,0
prenzlauer,0
deveria,0
girona,0
specific,0
terrain,0
clarity,0
score,0
relationship,0
hide,0
snowfall,0
catalyst,0
sunday,0
abroad,0
permanent,0
fund,0
mindfulness,0
point,0
improve,0
cunningham,0
racism,0
vio,0
balling,0
chicagos,0
grassroots,0
obsession,0
outline,0
roland,0
specification,0
nikebaseball,0
sharapova,0
path,0
optional,0
macklemore,0
diamond,0
aids,0
perfection,0
inequality,0
gurlstalk,0
fair,0
logo,0
vaibrasil,0
entrepreneur,0
sabrina,0
asiairve,0
gyakosou,0
virgil,0
alabama,0
feast,0
bleus,0
halfway,0
voice,0
slogan,0
wild,0
friedrichshain,0
jacquesgreene,0
1987,0
compton,0
sean_malto,0
binary,0
nikebasketball,0
paul,0
banner,0
rhijn,0
thee,0
island,0
underneath,0
madetoplay,0
demand,0
communicate,0
championships,0
parking,0
stylist,0
receber,0
gymnastic,0
oka,0
serve,0
paralympian,0
goldhunter,0
1982,0
healthy,0
fuelstation,0
nbaallstar,0
blanket,0
stephaniemeiling,0
may,0
flat,0
west,0
contract,0
differently,0
cest,0
deep,0
round,0
cause,0
maybe,0
marlen_esparza,0
director,0
thousand,0
aimeekhoffman,0
anyway,0
willie_nel_sasc,0
victoryswim,0
onestep4red,0
runday,0
channel,0
bush,0
demo,0
shimoyamada,0
resilience,0
rival,0
bond,0
kobebryant,0
serena,0
figure,0
singe,0
rio,0
noite,0
list,0
result,0
leverage,0
alexandre,0
contact,0
voc,0
sagekotsenburg,0
opponent,0
londons,0
underground,0
warn,0
multiple,0
colombian,0
incarnation,0
projectflysf,0
antidote,0
pick,0
yogafoster,0
personal,0
ntc,0
leader,0
dakar,0
sweep,0
wisdom,0
snap,0
larry,0
pass,0
shirt,0
jaw,0
touch,0
dedication,0
counting,0
tree,0
rack,0
gs2squad,0
stair,0
prepare,0
worldwide,0
cabin,0
simona,0
ventilation,0
case,0
pasadena,0
glimpse,0
near,0
predominantly,0
strike,0
beach,0
toward,0
amanh,0
cut,0
tocreate,0
shape,0
fastisfaster,0
cage,0
outrun,0
improbable,0
nfl,0
raceday,0
gigiruef,0
madisonkey,0
landing,0
academythe,0
split,0
2019,0
pattern,0
turkish,0
congrat,0
110th,0
sun,0
sister,0
bridgerunner,0
transtephanie,0
footstep,0
caribbean,0
barbados,0
r10oficial,0
tuberider,0
usabasketball,0
stepbecause,0
dubrovnik,0
nikeplus,0
professor,0
satisfied,0
necklace,0
resistance,0
jazz,0
assistimo,0
majorettes,0
special,0
side,0
palazzo,0
period,0
feeling,0
hurt,0
lunarglide,0
shout,0
house,0
entire,0
question,0
award,0
bomb,0
yomanueldiaz,0
vashti,0
injury,0
juventus,0
gomofarah,0
fencer,0
tomckean,0
rise,0
corner,0
bowerman,0
narrow,0
net,0
doubter,0
danaboulos,0
getlacedup,0
red,0
apply,0
milestone,0
blend,0
finally,0
alert,0
election,0
exhilarate,0
oppose,0
struggle,0
unearth,0
mountain,0
suburb,0
oregon,0
diededegroot,0
nicoleacardoza,0
exceptional,0
uniform,0
incredibly,0
fighter,0
significa,0
televise,0
mom,0
basilfauchier,0
tour,0
along,0
bhm,0
tam,0
dust,0
azusa25nigo,0
intensely,0
maya_kv,0
flame,0
bleed,0
medalist,0
duck,0
cobbler,0
georges,0
nom,0
mardi,0
trouble,0
flyknit,0
cr7,0
strip,0
whatever,0
calvin,0
sabrina_i,0
_killaadri,0
portugal,0
vibe,0
shut,0
pearl,0
food,0
jen,0
southern,0
youcantstopourvoice,0
circumstance,0
nikefuel,0
shallow,0
gps,0
rivalry,0
park,0
sailor,0
dose,0
elevate,0
geoffrey,0
currently,0
anatomically,0
gearup,0
unproven,0
niketraine,0
sterling7,0
aaayu_03,0
niteri,0
jones,0
decade,0
higher,0
hike,0
vasquez,0
koston,0
assistindo,0
radical,0
spot,0
nicolas,0
jessiezapo,0
15x,0
lipslide,0
crunch,0
liberate,0
lebron,0
tchter,0
display,0
barcelonas,0
specifications,0
nikemfnw,0
lesbleus,0
ruthossaistudio,0
november,0
pave,0
rundemcrew,0
dinaashersmith,0
six,0
melbourne,0
canlucatutis,0
veteran,0
hip,0
aunt,0
moon,0
fuelbandse,0
freely,0
nunca,0
clear,0
return,0
version,0
gruele,0
100,0
sweat,0
hundred,0
posi,0
kingjame,0
glaciere,0
paralyze,0
wrong,0
nelson,0
unpredictable,0
hair,0
mesh,0
brigidkosgei,0
edition,0
prim,0
normal,0
purpose,0
running,0
remind,0
beijing,0
literally,0
chame,0
detail,0
easymoneysniper,0
detour,0
ayu,0
fitspiration,0
standard,0
engineer,0
instagram,0
million,0
creative,0
alexanderrthomassshowe,0
mcilroy,0
449,0
luxury,0
10ks,0
truth,0
cinturo,0
possibility,0
combine,0
coming,0
custom,0
lift,0
paint,0
glove,0
seventh,0
windy,0
africa,0
lens,0
manirostom,0
artist,0
boring,0
hottie,0
octogono,0
thibautgrevet,0
destiny,0
nois7,0
tust,0
maximize,0
betrue,0
johngingerwessel,0
nikefree,0
shoreline,0
athletic,0
flag,0
soar,0
follower,0
road,0
provide,0
nikexnba,0
hero,0
settle,0
stride,0
girls,0
mfnw,0
trainer,0
especially,0
succeed,0
active,0
thomassimondp,0
performancethey,0
dutch,0
league,0
crisis,0
cricket,0
lipstickgirl,0
tackle,0
competitive,0
brasils,0
kdvs,0
lymphoma,0
wellness,0
injustice,0
hurtado,0
posse,0
03nataliagaitan,0
empty,0
speak,0
nikewoman,0
niketennis,0
discipline,0
host,0
novo,0
sophographylondon,0
hexagonal,0
necessary,0
rough,0
elina,0
healthcare,0
travel,0
maria,0
tirunesh,0
witness,0
iremyamany,0
guy,0
whpsilhouette,0
davidlinchen,0
instakay,0
splash,0
castersemenya800,0
lady,0
calendar,0
business,0
shanejoneill,0
rashadfloyd,0
mattabbottphoto,0
hold,0
trip,0
nobu_arakawa,0
max,0
brasilian,0
limited,0
explore,0
northern,0
fashionable,0
footballer,0
lack,0
dunk,0
nitro_licious,0
gore,0
eventually,0
battle,0
nico_therin,0
150,0
determination,0
nan,0
shove,0
ignore,0
dominance,0
wayne,0
callumhasegawa,0
flanagan,0
swimwear,0
nikeid,0
might,0
carogarcia,0
heel,0
youtube,0
scottylago,0
danger,0
carve,0
perfect,0
playa,0
rodneyluthaking,0
victors,0
crystal,0
platform,0
varsity,0
lisbon,0
pursuit,0
memory,0
brightly,0
unbreakable,0
atinge,0
worry,0
sleeve,0
2012,0
sort,0
tentar,0
njunior11,0
beauty,0
berg,0
ireland,0
resolution,0
responsiveness,0
destination,0
optimal,0
aniyaemtage,0
lock,0
hudson,0
august,0
fsufootball,0
extra,0
dart,0
color,0
snake,0
grant,0
brigid,0
playoff,0
diverse,0
belong,0
shed,0
johnson,0
santa,0
nattykiii,0
commute,0
available,0
binge,0
sacrifice,0
sexuality,0
tagokushi,0
sportwatch,0
unapologetic,0
rebel,0
classic,0
focused,0
midways,0
cbf_futebol,0
ounce,0
revolutionary,0
redefine,0
solo,0
sede,0
thumb,0
pedroscooby,0
occasion,0
video,0
beastly,0
converge,0
awareness,0
grit,0
culmination,0
regret,0
visibility,0
motion,0
none,0
vary,0
ninjas,0
carririchardson,0
chairlift,0
term,0
rank,0
child,0
fuelcheck,0
willgoodan,0
crisp,0
2021,0
unnecessary,0
nod,0
monica,0
grandest,0
saint,0
evie___lane,0
perceive,0
tokyo,0
lucia,0
stallion,0
option,0
repellent,0
lifelong,0
eleven,0
double,0
49er,0
kimiyasho,0
brighten,0
nowhere,0
shoe,0
pledge,0
debra,0
tall,0
applause,0
resilient,0
blame,0
least,0
language,0
aussie,0
bretmanrock,0
rest,0
bridge,0
valle,0
jasmine,0
expotique,0
test,0
mumbai,0
mode,0
carnaval,0
sprinter,0
fire,0
weave,0
azusa,0
chilean,0
boston,0
katebone,0
representation,0
guidance,0
java,0
shiho,0
hardflip,0
tear,0
donate,0
direction,0
svitolina,0
tr1,0
hyperfuse,0
session,0
williams,0
chance,0
binding,0
pat,0
minimalist,0
reflection,0
chicago,0
balun,0
escreve,0
trial,0
rashford,0
congressi,0
american,0
pack,0
launch,0
definitive,0
crash,0
rally,0
lunar1,0
blur,0
artiwara,0
jmedvedevaj,0
ji_soyun10,0
cj81,0
moneal,0
iphone,0
2nd,0
fcb,0
quick,0
sometimes,0
finishline,0
toll,0
competition,0
shre,0
plan,0
laptev_kirill,0
replace,0
parti,0
sozinha,0
luanomatriz,0
fence,0
integral,0
ramp,0
temperature,0
fabric,0
unit,0
childotu,0
italy,0
disparity,0
heat,0
2015,0
undiscovered,0
separate,0
establish,0
emerge,0
baseball,0
shrink,0
keepup,0
bucket,0
copacabana,0
gift,0
monk,0
mostraseujogo,0
length,0
waste,0
chalk,0
wind,0
secret,0
covet,0
definition,0
triathlon,0
kerronclement,0
853,0
choose,0
hns_cff,0
photo,0
pentagon,0
runnwm,0
unafraid,0
guangzhou,0
marcusrashford,0
stretch,0
joanbenoitsamuelson,0
agree,0
aphotochick,0
megan,0
viii,0
bill,0
thread,0
prefontaine,0
foe,0
friday,0
wait,0
sail,0
complete,0
trazer,0
friendly,0
rooney,0
brooklyn,0
nike2020,0
season,0
26th,0
october,0
express,0
llobregat,0
champ,0
seb,0
neil,0
bank,0
receiver,0
difficult,0
fiber,0
skate_girls_snap,0
its_kairabaaa,0
silhouette,0
sparq,0
advocacy,0
france,0
online,0
rooftop,0
kyrieirving,0
frozen,0
shake,0
salsa,0
dannykass,0
shalane,0
deception,0
promise,0
success,0
naysayer,0
5333,0
play4kay,0
decorate,0
motivation,0
thailand,0
migrant,0
mark,0
evolution,0
chiefs,0
extraordinary,0
silent,0
adapt,0
fitsums,0
divide,0
lifestyle,0
achieve,0
gymkhana,0
jogamos,0
felipe,0
web,0
gyakusou,0
longevity,0
perspective,0
uniforme,0
northwest,0
yellow,0
salute,0
revolutionize,0
notice,0
colour,0
everyday,0
amputate,0
captain,0
serbian,0
millionaire,0
activity,0
scientist,0
chaotic,0
vestindo,0
beckon,0
vertical,0
saturdays,0
underestimated,0
fierce,0
modern,0
bed,0
jungle,0
nicolasmuellair,0
simone,0
rugged,0
event,0
skate,0
kai,0
daphneewingchow,0
johannesburg,0
indonesia,0
buddhist,0
connection,0
silver,0
shesherun,0
angeles,0
wuhan,0
profile,0
deeply,0
ability,0
lunarendor,0
rare,0
hug,0
daddydark,0
union,0
respect,0
lawn,0
meticulous,0
rachwinwong,0
fog,0
wbu,0
indian,0
elastic,0
cody,0
financial,0
film,0
behind,0
15k,0
push,0
bones,0
paralympic,0
silence,0
forgender,0
miami,0
marcgasol,0
3000,0
recovery,0
vacation,0
determined,0
untouchable,0
myerolymos,0
modest,0
easy,0
rexe,0
log,0
tune,0
shrine,0
celebration,0
gs2,0
upper,0
holding,0
conserve,0
unreal,0
dalia,0
preedgolf,0
liftedrunner,0
ruta,0
approach,0
however,0
remain,0
happyfathersday,0
empowerment,0
assume,0
unveil,0
negative,0
queen,0
incredible,0
dianataurasi,0
background,0
gasol,0
accommodate,0
irem,0
jinan,0
zone,0
hunker,0
throughout,0
tex,0
documentary,0
week,0
job,0
gosh,0
robinnyc,0
suppose,0
element,0
seaming,0
steal,0
theyre,0
iceland,0
determine,0
mller,0
masterful,0
lebron12,0
florida,0
rebirth,0
campus,0
joan,0
waffle,0
henry,0
extend,0
jewelry,0
conversation,0
shortcut,0
enable,0
dylan,0
airwave,0
breda,0
revolution,0
baylor,0
erynncpatrick,0
ivanaspanovic,0
smooth,0
datum,0
osterley,0
footballbeyondborder,0
eliminate,0
holland,0
basquet,0
process,0
nosajthe,0
broken,0
collect,0
brasileira,0
best,0
happiness,0
drawstring,0
therealanarvaez,0
eight,0
mirror,0
slow,0
command,0
probably,0
vichka35,0
willing,0
traditionally,0
reflect,0
truly,0
shave,0
respectful,0
relevant,0
rome,0
king,0
radjoe74,0
martingarrix,0
dunn,0
belt,0
2013,0
vamos,0
campaign,0
former,0
choice,0
recycle,0
rory,0
luis,0
oregongridiron,0
fever,0
transcend,0
autumn,0
execute,0
room,0
noexcuse,0
philippines,0
jdscigano,0
membership,0
perfeio,0
elisvitolina,0
leg,0
preparation,0
hyde,0
environmentally,0
myth,0
fitsumnyc,0
ambition,0
wheel,0
base,0
glow,0
troop,0
breathe,0
ayus,0
extension,0
picture,0
san,0
powder,0
strengthen,0
tee,0
benefit,0
shot,0
marc,0
benoit,0
action,0
spit,0
golf,0
durzt,0
prelive,0
thelegendgrow,0
windrunner,0
toughness,0
philosophy,0
different,0
groove,0
situation,0
certain,0
super,0
mad,0
piece,0
kit,0
fifth,0
obsessive,0
festival,0
march,0
adwoaaboah,0
rehydrate,0
unless,0
concrete,0
daughter,0
madness,0
grandstand,0
circuit,0
samuelson,0
13thwitness,0
maven,0
chain,0
vapor,0
masters,0
japans,0
homestretch,0
croatia,0
sting,0
official,0
spread,0
search,0
afrojack,0
episode,0
australian,0
light,0
sight,0
flood,0
tamtambasketball_official,0
usnikefootball,0
af1,0
vault,0
month,0
handshake,0
bebe_vio,0
lunartr1,0
absolute,0
pipe,0
supernatural,0
intentionally,0
soon,0
sole,0
outsole,0
guide,0
mud,0
crown,0
fairway,0
advice,0
system,0
convertible,0
impact,0
qualifying,0
singular,0
niketoronto,0
prod84,0
upside,0
homeland_life,0
armynavy,0
histria,0
somewhere,0
vote,0
airmax,0
able,0
spine,0
alabamafbl,0
weatherman,0
offer,0
slip,0
lodge,0
root,0
futebol,0
headquarters,0
reminder,0
mariepurvis,0
fighting,0
erickoston,0
public,0
snowboarding,0
colorway,0
answer,0
balance,0
forth,0
yi_jl,0
confident,0
galen,0
pinoy,0
loss,0
nesse,0
upuntil,0
joshblaaberg,0
monday,0
federer,0
teeixeirale,0
sniperjones35,0
rich,0
moscow,0
nikerunningfor,0
dancing,0
statue,0
workout,0
rug,0
meeting,0
teamwork,0
fitness,0
require,0
wherever,0
tiana,0
spend,0
communityand,0
forge,0
shred,0
atop,0
louder,0
bug,0
uneven,0
circle,0
shawnjohnsons,0
fencing,0
exact,0
intense,0
cruise,0
stunning,0
robin,0
carlosbrowngolf,0
picigin,0
talon,0
razr_2911,0
ultimate,0
retreat,0
clapham,0
gap,0
nwm,0
makeitcount,0
peak,0
dibaba,0
pull,0
flywire,0
backyard,0
conquer,0
summerisserious,0
hub,0
movie,0
ask,0
mundo,0
worth,0
move,0
limitsno,0
bit,0
maxe,0
lunarlon,0
pau,0
cement,0
influence,0
laser,0
nikechicago,0
aim,0
graffiti,0
brandenburg,0
bold,0
623,0
limit,0
sealeis,0
natural,0
marlou,0
possession,0
flex,0
blue,0
rod,0
creativity,0
solstice,0
expand,0
freedom,0
traffic,0
fuel,0
stumble,0
earner,0
earn,0
prototype,0
nba,0
ultra,0
responsive,0
54ghost,0
regularly,0
spike,0
fuelhouse,0
superior,0
rather,0
sbird10,0
paula,0
6kcounts,0
leukemia,0
stat,0
truck,0
elliegoulde,0
waiting,0
pacific,0
washington,0
1916,0
_gabrielflore,0
carboy,0
america,0
realshellyannfp,0
jacket,0
abraham,0
berlin,0
lupitanyongo,0
krumpe,0
alp,0
runners,0
long,0
dominate,0
mitte,0
donation,0
blaze,0
precious,0
nikesnowboarding,0
helicopter,0
throw,0
lab,0
product,0
dijk,0
jordanligon,0
problem,0
2014,0
evolve,0
ribbon,0
reclaim,0
apologize,0
hibernate,0
arrive,0
mrapinoe,0
noise,0
district,0
whittle,0
shawnjohnson,0
attend,0
emily_mcdon,0
meditation,0
helped,0
netherlands,0
kettlebell,0
reflective,0
positive,0
natalia,0
sundays,0
magical,0
nigelsylvester,0
route,0
division,0
tampa,0
accomplish,0
continually,0
biking,0
spinning,0
nonprofit,0
fuelband,0
takahashi,0
oppression,0
bartram,0
bust,0
gtx,0
greatness,0
plate,0
shaving,0
wide,0
hyperfeel,0
urgency,0
carlos,0
gras,0
earning,0
mikecarson,0
drill,0
ahead,0
founder,0
japan,0
marcus,0
dissect,0
run75crew,0
office,0
repeat,0
training,0
radio,0
pair,0
iconone,0
backdrop,0
absolutely,0
reclamationventure,0
loud,0
foundation,0
cascades,0
rafael,0
ready,0
unwrap,0
everif,0
else,0
confidence,0
aware,0
kingjameshas,0
marathoner,0
motivate,0
response,0
ussoccer,0
ensinou,0
unleash,0
rupp,0
consider,0
playrussian,0
clearly,0
pop,0
sbado,0
paugasol,0
conservative,0
proud,0
somebodys,0
unrelenting,0
madison,0
commemorate,0
chrisanki,0
seattle,0
geoffreykamworor,0
flwn,0
fiba,0
inclusivity,0
integration,0
reverse,0
icon,0
keeps,0
holiday,0
dip,0
desire,0
divasofcompton,0
coast,0
crowded,0
reroute,0
undefeated,0
gameonworld,0
development,0
passion,0
betheproof,0
selfridges,0
reinvent,0
authority,0
bballer,0
chukka,0
nadal,0
butts,0
tammy,0
istanbul,0
nikegolf,0
rebellious,0
strategically,0
rock,0
hypershield,0
whether,0
carolines,0
dry,0
junior,0
whenever,0
basket,0
gate,0
trick,0
brother,0
pressure,0
flexibility,0
ball,0
roller,0
regram,0
masai_ac,0
grandma,0
revelry,0
foraneymar,0
tiffany,0
newtrick,0
defense,0
freeflyknit,0
yuns,0
unexpected,0
send,0
https,0
average,0
anatomic,0
explosive,0
shimizu,0
construction,0
cdunn19,0
increase,0
rodriguez,0
2k12,0
exchange,0
bag,0
teaching,0
hop,0
vashtizzle,0
designer,0
gutsiness,0
frigid,0
exercise,0
navigate,0
conclusion,0
weather,0
hackney,0
sheer,0
dylanalcott,0
initiative,0
undisclosed,0
sahraisha,0
adopt,0
uconn,0
strand,0
storied,0
iniesta,0
select,0
chiles,0
formula,0
divas,0
findgreatness,0
boi,0
embark,0
landscape,0
volunteer,0
pond,0
breathable,0
build,0
omoide,0
donthibernate,0
either,0
helden,0
swing,0
sxswcount,0
college,0
beginning,0
backside,0
mars,0
daily,0
footprint,0
fuelbands,0
325,0
scorer,0
tuscaloosa,0
hell,0
lajamanu,0
nicole,0
yukai,0
hardwood,0
order,0
literacy,0
green,0
turf,0
anywhere,0
honor,0
j_nesi,0
james,0
kamworor,0
england,0
industry,0
scout,0
thank,0
message,0
virgilvandijk,0
emphasize,0
entertain,0
call,0
southbank,0
service,0
act,0
fsb,0
breakthrough,0
lightweight,0
crowd,0
barbadian,0
sports,0
theestallion,0
research,0
outdoors,0
ou_football,0
uninterrupted,0
avid,0
rawtape,0
skin,0
mackshepp,0
definitely,0
paulaaloe,0
onestep4re,0
scene,0
trim,0
size,0
lebronx,0
caroline,0
triumphant,0
monsters,0
volume,0
berlins,0
paulo,0
mix,0
pace,0
http,0
land,0
remarkable,0
nickname,0
sbpanam,0
sideline,0
pre,0
abuela,0
kevinhart4real,0
seriously,0
switch,0
nikesb,0
timeazusa,0
meowyjo,0
opposite,0
lunar,0
depend,0
pennant,0
cry,0
reward,0
kobesystem,0
balletic,0
overnight,0
laugh,0
highlight,0
cheerleader,0
medals,0
board,0
technology,0
discovery,0
400,0
cedar,0
skating,0
sense,0
competitiveness,0
talent,0
commiserating,0
enter,0
fit,0
grandfather,0
equal,0
basic,0
add,0
sterling,0
sant,0
halep,0
sneak,0
project,0
ouseserbrasileiro,0
towards,0
spiritual,0
choir,0
potential,0
octagon,0
control,0
visible,0
plywood,0
fcharlem,0
obsess,0
18th,0
menos,0
jianlian,0
pisa,0
half,0
quite,0
365,0
alongside,0
skateboard,0
kms,0
undercover,0
werundc,0
wintheday,0
clinic,0
poverty,0
curl,0
passionate,0
gear,0
store,0
unimaginable,0
wood,0
medium,0
tournament,0
pamper,0
flyknits,0
bravery,0
hayward,0
jiyapinder,0
nikesnowboarde,0
kyoto,0
nikesnowboardings,0
climate,0
diaz,0
bca,0
declare,0
engineered,0
uswnt,0
thechance,0
nighttime,0
deflect,0
large,0
bench,0
wall,0
ski,0
agility,0
complain,0
simonebile,0
risk,0
russia,0
garros,0
meal,0
rainbow,0
participation,0
lunar2,0
prodigy,0
bra,0
golfing,0
striker,0
nobody,0
cancer,0
nevado,0
barclays,0
outspoken,0
roco_runs,0
impression,0
lifetime,0
lie,0
obviously,0
backcountry,0
iron,0
rider,0
government,0
hanna_backstrom,0
foil,0
location,0
joelhoneywell,0
happyearthday,0
state,0
threat,0
relentlessly,0
gymnast,0
tcsnycmarathon,0
breast,0
innovator,0
nairobi,0
meaning,0
senegalese,0
pool,0
eastern,0
yoff,0
type,0
nagano,0
bebe,0
skater,0
nie,0
jonnybone,0
buddhism,0
mondays,0
excitement,0
volleyball,0
durable,0
mindset,0
democratic,0
flyinglotus,0
ensine,0
jump,0
sorry,0
pursue,0
academy,0
saradunlop,0
force,0
global,0
kristina,0
racer,0
