index,Frequency
nike,104
run,44
nikeplus,26
marathon,26
nikefuel,17
get,15
time,13
day,13
world,13
earn,13
runnwm,13
new,12
quot,12
fast,12
findgreatness,11
gyakusou,11
usnikefootball,10
start,10
chicago,10
game,9
make,8
year,8
like,7
collection,7
available,7
first,7
football,7
good,7
crew,7
back,7
know,7
today,7
training,7
berlin,7
sunday,7
every,7
sport,7
fuelcheck,6
nwm,6
meet,6
street,6
inspire,6
lebron,6
future,6
track,6
train,6
soccer,6
tour,6
greatness,6
well,6
week,6
fastisfaster,6
green,5
nfl,5
city,5
kingjame,5
full,5
zoom,5
set,5
thechance,5
basketball,5
mile,5
undercover,5
race,5
bring,5
air,5
work,5
pro,5
look,5
keepup,5
gameonworld,5
big,5
past,4
chance,4
finish,4
raise,4
force,4
play,4
nikefootball,4
give,4
gear,4
style,4
stop,4
athlete,4
second,4
share,4
win,4
san,4
francisco,4
weekend,4
makeitcount,4
light,4
vapor,4
see,4
never,4
night,4
team,4
could,4
womens,4
tomorrow,4
fuelband,4
hard,4
ready,4
special,4
edition,4
club,4
home,4
lunarglide,4
prepare,4
speed,4
ice,4
boot,3
always,3
explosiveness,3
pick,3
runner,3
getlacedup,3
paris,3
china,3
strong,3
find,3
personal,3
100,3
much,3
fly,3
way,3
mercurial,3
lebronx,3
next,3
global,3
opportunity,3
lf1,3
think,3
road,3
shoe,3
women,3
elite,3
say,3
put,3
rock,3
kingjames,3
lace,3
together,3
keepitcome,3
woman,3
measure,3
thank,3
pack,3
running,3
welcome,3
touch,3
tennis,3
tchter,3
another,3
design,3
great,3
lightweight,3
last,3
little,3
close,3
field,3
high,3
unbreakable,3
favorite,3
roll,3
2013,3
real,3
chris,2
150,2
tag,2
angeles,2
nothing,2
musicfestnw,2
test,2
perfect,2
distance,2
show,2
help,2
lady,2
across,2
sun,2
point,2
chicagos,2
nikesnowboarde,2
director,2
thousand,2
step,2
month,2
keep,2
fit,2
bears,2
connect,2
action,2
finisher,2
season,2
lunar,2
october,2
footballer,2
southbank,2
build,2
iphone,2
heat,2
serenawilliam,2
weather,2
competition,2
crowd,2
black,2
nikemfnw,2
select,2
beach,2
barcelonas,2
cover,2
scout,2
community,2
life,2
nikesb,2
kobesystem,2
length,2
creative,2
land,2
number,2
anywhere,2
hyperfuse,2
join,2
blanket,2
right,2
cristiano,2
bridge,2
hoop,2
windy,2
gs2squad,2
player,2
finalist,2
bra,2
tree,2
reward,2
ago,2
hour,2
search,2
2012,2
rider,2
minute,2
location,2
tonight,2
trainer,2
mfnw,2
beginning,2
ntc,2
racer,2
collaboration,2
kobe,2
necklace,2
record,2
two,2
natural,2
tiffany,2
focus,2
arrive,2
hill,2
japan,2
push,2
route,2
nikechicago,2
move,2
explosive,2
chase,2
holywood,2
four,2
top,2
history,2
line,2
diamond,2
jones,2
robinnyc,2
graviteam,2
class,2
spot,2
datum,2
flywire,2
amp,2
mind,2
change,2
need,2
strength,2
hit,2
traction,2
fitness,2
learn,2
coast,2
reach,2
celebrate,2
dancing,2
rise,2
ultra,2
count,2
workout,2
takahashi,2
stand,2
fuelhouse,2
body,2
engineer,1
south,1
summit,1
detachable,1
hudson,1
august,1
journey,1
instagram,1
million,1
define,1
ireland,1
optimal,1
basket,1
berg,1
njunior11,1
pavement,1
silhouette,1
reverse,1
neil,1
refresh,1
hole,1
hypershield,1
nyc,1
deliver,1
london,1
mcilroy,1
sleeve,1
gate,1
ussoccer,1
autzen,1
logo,1
berlins,1
smile,1
defense,1
send,1
anatomic,1
someone,1
ronaldo,1
mix,1
alabama,1
stage,1
technology,1
epic,1
construction,1
around,1
strategically,1
integration,1
five,1
service,1
ring,1
beijing,1
host,1
literally,1
detail,1
monbijou,1
barcelona,1
playoff,1
shoot,1
whether,1
color,1
monsters,1
nikerunning,1
walk,1
playground,1
elliegoulde,1
salsa,1
biking,1
part,1
confidence,1
book,1
teamwork,1
limited,1
fog,1
environment,1
explore,1
accomplish,1
union,1
daddydark,1
hug,1
deeply,1
event,1
skate,1
ever,1
pursuit,1
courtballistic,1
draw,1
elastic,1
unwrap,1
drill,1
cody,1
stay,1
unleash,1
jersey,1
friend,1
turn,1
marathoner,1
let,1
less,1
backdrop,1
experience,1
bust,1
web,1
loud,1
center,1
yellow,1
salute,1
hold,1
trip,1
max,1
shesherun,1
wuhan,1
forget,1
stretch,1
shaving,1
smith,1
aphotochick,1
earning,1
occasion,1
seb,1
sparq,1
plate,1
chiefs,1
bad,1
converge,1
awareness,1
nikegolf,1
pressure,1
feature,1
5333,1
memory,1
square,1
dannykass,1
thumb,1
houston,1
profile,1
photo,1
run75crew,1
silent,1
friday,1
tagokushi,1
sportwatch,1
friendly,1
generation,1
getting,1
yet,1
founder,1
ceejjoe,1
express,1
music,1
ahead,1
midways,1
guangzhou,1
viii,1
853,1
map,1
bballer,1
lucky,1
449,1
add,1
helicopter,1
common,1
relax,1
1948london,1
inside,1
thought,1
agility,1
insight,1
nikesnowboarding,1
mitte,1
snow,1
medal,1
feast,1
district,1
half,1
compare,1
shawnjohnson,1
attend,1
alongside,1
nagano,1
brave,1
dominate,1
academy,1
nevado,1
robin,1
progress,1
cruise,1
shanghai,1
legend,1
stat,1
maximize,1
destroyer,1
dynamic,1
try,1
flyinglotus,1
durable,1
bridgerunner,1
giant,1
sixteen,1
product,1
anytime,1
specially,1
towards,1
glaciere,1
moment,1
naturally,1
coach,1
balling,1
leukemia,1
sxsw,1
clinic,1
jacket,1
gold,1
sharapova,1
carboy,1
essential,1
store,1
facet,1
happen,1
pamper,1
flyknits,1
taper,1
message,1
rodriguez,1
app,1
kyoto,1
earner,1
place,1
victory,1
janeiro,1
reflective,1
swim,1
memorable,1
pride,1
lab,1
famous,1
teammate,1
bca,1
long,1
superior,1
large,1
spike,1
responsive,1
gyakosou,1
hometown,1
friedrichshain,1
cake,1
seventh,1
talon,1
glove,1
frigid,1
nikefootballs,1
movement,1
rundemcrew,1
chrome,1
exchange,1
six,1
designer,1
winter,1
2k12,1
prenzlauer,1
brandenburg,1
final,1
breathable,1
623,1
backside,1
england,1
return,1
james,1
introduce,1
embark,1
climb,1
selfridges,1
star,1
hundred,1
undisclosed,1
fitzgerald,1
butts,1
inspiration,1
white,1
reinvent,1
passion,1
feel,1
many,1
fuel,1
storied,1
iniesta,1
lead,1
laser,1
chiles,1
specifications,1
turf,1
nation,1
signature,1
provide,1
shawnjohnsons,1
brasils,1
kdvs,1
lymphoma,1
advantage,1
champion,1
backcountry,1
lifetime,1
spend,1
lipstickgirl,1
kid,1
exact,1
hopeful,1
clapham,1
word,1
pull,1
adversity,1
watch,1
halfway,1
choir,1
flex,1
stride,1
sweat,1
expectation,1
hardwood,1
blue,1
society,1
rod,1
creativity,1
donthibernate,1
solstice,1
europe,1
sxswcount,1
omoide,1
mamba,1
conquer,1
daily,1
fuelbands,1
325,1
cedar,1
notice,1
jacquesgreene,1
live,1
near,1
debut,1
crown,1
cut,1
cheer,1
early,1
shrine,1
incarnation,1
troop,1
breathe,1
often,1
contract,1
untouchable,1
japans,1
plan,1
gearup,1
rory,1
projectflysf,1
oka,1
group,1
handshake,1
intentionally,1
fabric,1
rehydrate,1
rack,1
pledge,1
flyknit,1
minimalist,1
ambition,1
transtephanie,1
offer,1
tear,1
instead,1
dunk,1
yomanueldiaz,1
something,1
truth,1
lipslide,1
fan,1
toward,1
cr7,1
base,1
unit,1
jessiezapo,1
park,1
prove,1
execute,1
autumn,1
far,1
open,1
ninjas,1
mean,1
silence,1
stadium,1
entire,1
stylist,1
summer,1
convertible,1
tell,1
fifth,1
armynavy,1
impact,1
young,1
repellent,1
celebration,1
copacabana,1
nikebasketball,1
paul,1
banner,1
gs2,1
height,1
question,1
flame,1
tr1,1
festival,1
prod84,1
jen,1
49er,1
ground,1
wisdom,1
tee,1
duck,1
raceday,1
larry,1
benefit,1
goal,1
tide,1
gigiruef,1
kit,1
sean_malto,1
3000,1
miami,1
lunartr1,1
nicolas,1
follow,1
hurt,1
mostraseujogo,1
warm,1
still,1
monk,1
eye,1
house,1
water,1
rally,1
glimpse,1
grow,1
remember,1
fashionable,1
quick,1
slow,1
cause,1
compete,1
matter,1
vichka35,1
forward,1
golf,1
continue,1
headquarters,1
relentless,1
adapt,1
milestone,1
session,1
covet,1
program,1
mode,1
cool,1
expotique,1
element,1
maven,1
fcb,1
determine,1
fuelstation,1
spine,1
seaming,1
create,1
theyre,1
nosajthe,1
traditional,1
colorway,1
corner,1
sky,1
culture,1
anyway,1
vertical,1
northern,1
narrow,1
cj81,1
beckon,1
championship,1
along,1
lunar1,1
drawstring,1
everyday,1
bio,1
af1,1
londons,1
shine,1
valle,1
binding,1
association,1
oregon,1
fire,1
check,1
please,1
ride,1
kick,1
ventilation,1
reflect,1
international,1
preparation,1
log,1
cold,1
jinan,1
super,1
sniperjones35,1
elevate,1
unveil,1
singe,1
rio,1
alone,1
spread,1
rebirth,1
mountain,1
gps,1
mller,1
alert,1
rival,1
deep,1
unstoppable,1
aussie,1
enable,1
morning,1
resilience,1
least,1
hang,1
1982,1
decade,1
innovation,1
able,1
environmentally,1
crash,1
challenge,1
replace,1
windrunner,1
televise,0
mom,0
basilfauchier,0
pearl,0
scuba,0
iremyamany,0
baltimore,0
thai,0
projectrunfree,0
instructor,0
dream,0
represent,0
eugene,0
yaman,0
tudo,0
madrid,0
reason,0
pres,0
news,0
fastest,0
grace,0
form,0
nouf,0
interesting,0
lesson,0
adar,0
drive,0
koston,0
brilliance,0
assistindo,0
fear,0
radical,0
tough,0
southern,0
impossibly,0
scream,0
food,0
dancer,0
australia,0
leap,0
practice,0
devastating,0
forever,0
sister,0
optional,0
significa,0
macklemore,0
lot,0
shut,0
maintain,0
curious,0
vibe,0
portugal,0
footage,0
middle,0
_killaadri,0
justdoit,0
mother,0
sabrina_i,0
calvin,0
sam,0
whatever,0
strip,0
zero,0
techpack,0
polite,0
games,0
soft,0
nikebaseball,0
maybe,0
mindfulness,0
willie_nel_sasc,0
guideline,0
gym,0
love,0
asiairve,0
inequality,0
aimeekhoffman,0
marlen_esparza,0
bleus,0
performance,0
voc,0
transformation,0
outline,0
overcome,0
audacious,0
thing,0
village,0
art,0
round,0
hwpo,0
obsession,0
chinese,0
pronto,0
hoje,0
shaquem_griffin,0
dominicleungcuts,0
expect,0
bleed,0
maya_kv,0
clay,0
shalaneflanagan,0
intensely,0
touchline,0
technically,0
range,0
contribute,0
azusa25nigo,0
dust,0
tam,0
defiant,0
true,0
bhm,0
pep,0
gianna,0
stress,0
realize,0
weightlifting,0
cup,0
riskeverything,0
superstar,0
kieran,0
nom,0
church,0
perception,0
trouble,0
proper,0
objetivo,0
mardi,0
defeat,0
pitch,0
wrestling,0
steve,0
georges,0
disability,0
undersized,0
cobbler,0
except,0
monthly,0
responsabilidade,0
medalist,0
1960,0
juliamancuso,0
vital,0
commit,0
sure,0
chile,0
amandine_henry,0
abroad,0
stepbecause,0
usabasketball,0
tuberider,0
fund,0
limitation,0
r10oficial,0
barbados,0
caribbean,0
footstep,0
equitable,0
teen,0
nigeria_surfe,0
cunningham,0
slam,0
specific,0
deveria,0
vashti,0
odd,0
trust,0
silva,0
whistle,0
brasil,0
tatyanamcfaddenusa,0
rely,0
virgil,0
female,0
side,0
adorn,0
imagine,0
stem,0
appearance,0
notch,0
assistimo,0
steep,0
girl,0
dreamer,0
jazz,0
bet,0
resistance,0
straight,0
dubrovnik,0
satisfied,0
breakdancing,0
kdv,0
supportive,0
update,0
professor,0
european,0
weeknight,0
hiking,0
mat,0
doctor,0
united,0
juventus,0
fortunate,0
iconone,0
apply,0
rafael,0
red,0
foundation,0
danaboulos,0
radio,0
doubter,0
reclamationventure,0
net,0
discover,0
absolutely,0
universal,0
warning,0
school,0
pair,0
breath,0
aware,0
bowerman,0
kingjameshas,0
tomckean,0
fencer,0
asian,0
motivate,0
gomofarah,0
everif,0
else,0
underdog,0
person,0
unite,0
uniform,0
exceptional,0
nicoleacardoza,0
diededegroot,0
suburb,0
unearth,0
struggle,0
mental,0
century,0
support,0
chloekim,0
oppose,0
courage,0
exhilarate,0
taekwondo,0
election,0
culmination,0
finally,0
fsufootball,0
visibility,0
cholitasescaladoras,0
blend,0
majorettes,0
palazzo,0
vasquez,0
snowfall,0
gurlstalk,0
perfection,0
niketraine,0
unproven,0
cycle,0
front,0
victoryswim,0
wheelchair,0
decide,0
believe,0
anatomically,0
pretend,0
fair,0
score,0
screen,0
nocta,0
currently,0
phiawilson,0
clint_dempsey,0
shore,0
kabul,0
amandine,0
glass,0
geoffrey,0
sterling7,0
youth,0
period,0
racism,0
mold,0
universe,0
hike,0
view,0
grand,0
aja22wilson,0
path,0
higher,0
specification,0
grassroots,0
vio,0
mexico,0
vaibrasil,0
outside,0
match,0
wild,0
slogan,0
voice,0
niteri,0
teamnike,0
sabrina,0
entrepreneur,0
aaayu_03,0
national,0
pay,0
refuse,0
african,0
mr_mosher,0
incredibly,0
rain,0
bomb,0
award,0
cream,0
important,0
londiwe,0
legendary,0
comfort,0
palsy,0
clarity,0
powerful,0
within,0
health,0
nigeria,0
lose,0
aids,0
improve,0
roland,0
synchronized,0
shout,0
eliseblchrd,0
feeling,0
foot,0
injury,0
fighter,0
seleo,0
breed,0
dose,0
sailor,0
flair,0
wnba,0
historic,0
perform,0
fall,0
runfree,0
rivalry,0
obstacleshead,0
shallow,0
rip,0
audience,0
asphalt,0
circumstance,0
youcantstopourvoice,0
weplayreal,0
vision,0
alwaysbelieve,0
boundary,0
parent,0
raheem,0
expedition,0
inclusive,0
panamericana,0
collective,0
york,0
weekday,0
resolution,0
everywhere,0
yard,0
responsiveness,0
destination,0
chalet,0
dakar,0
aniyaemtage,0
lock,0
leader,0
extra,0
dart,0
greeting,0
hear,0
spotlight,0
spain,0
wan,0
reppe,0
difference,0
snake,0
grant,0
nikecourt,0
brigid,0
holder,0
referee,0
superpower,0
beauty,0
goals,0
shed,0
goskateboardingday,0
somaliboxer,0
belong,0
cortezkenny,0
diverse,0
drakes,0
shirt,0
brightly,0
german,0
pass,0
uplift,0
flongala,0
atinge,0
giannas,0
worry,0
exactly,0
shy,0
reign,0
snap,0
hail,0
sort,0
sweep,0
tentar,0
novo,0
yogafoster,0
jaw,0
antidote,0
185,0
simona,0
110th,0
congrat,0
access,0
brazil,0
turkish,0
pattern,0
2019,0
chame,0
boxingbuatsi,0
split,0
academythe,0
easymoneysniper,0
detour,0
ayu,0
landing,0
fitspiration,0
standard,0
madisonkey,0
oddsmaker,0
alexanderrthomassshowe,0
hainan,0
gateway,0
since,0
asdavidelliott,0
worldwide,0
roof,0
brigidkosgei,0
company,0
letter,0
discipline,0
paralyze,0
wrong,0
nelson,0
member,0
unpredictable,0
hair,0
mesh,0
colombian,0
multiple,0
sagekotsenburg,0
warn,0
prim,0
normal,0
hook,0
underground,0
making,0
purpose,0
alexroca91,0
opponent,0
iconic,0
remind,0
cbf_futebol,0
grit,0
posi,0
santa,0
crystal,0
nobu_arakawa,0
victors,0
jumpman23,0
brasilian,0
rodneyluthaking,0
playa,0
congrats,0
carve,0
thatbigguy700,0
danger,0
amount,0
scottylago,0
youtube,0
platform,0
alosaimi,0
varsity,0
heel,0
yoga,0
carogarcia,0
routine,0
2024,0
lisbon,0
bolivian,0
might,0
nassar,0
crossfit,0
lack,0
tribute,0
tirunesh,0
playing,0
maria,0
travel,0
guy,0
healthcare,0
whpsilhouette,0
davidlinchen,0
instakay,0
splash,0
castersemenya800,0
elina,0
mattabbottphoto,0
rough,0
calendar,0
business,0
shanejoneill,0
necessary,0
hexagonal,0
sophographylondon,0
break,0
kenny,0
bennncareyyy,0
rashadfloyd,0
syllable,0
nattykiii,0
dedication,0
nikeid,0
gore,0
nitro_licious,0
focused,0
johnson,0
200,0
ounce,0
revolutionary,0
15x,0
human,0
career,0
redefine,0
indigenous,0
drop,0
solo,0
sede,0
troupe,0
stair,0
cultural,0
legacy,0
pedroscooby,0
video,0
beastly,0
counting,0
perth,0
capture,0
classic,0
embody,0
eventually,0
sacrifice,0
rafa,0
swimwear,0
cntknockbhustle,0
flanagan,0
commute,0
callumhasegawa,0
wayne,0
pain,0
would,0
binge,0
hype,0
dominance,0
battle,0
superhero,0
sexuality,0
ignore,0
shove,0
quit,0
sanctuary,0
unapologetic,0
nan,0
determination,0
rebel,0
nico_therin,0
improbable,0
crunch,0
permanent,0
result,0
betrue,0
west,0
johngingerwessel,0
compton,0
nikefree,0
shoreline,0
athletic,0
flag,0
flamenco,0
slice,0
soar,0
follower,0
unusual,0
desert,0
1987,0
wool,0
cest,0
town,0
sized,0
wonder,0
wonderland,0
zeina,0
sell,0
spin,0
leverage,0
partnership,0
tust,0
nois7,0
binary,0
coming,0
ingrid,0
custom,0
lift,0
thee,0
rhijn,0
knock,0
paint,0
old,0
mambaday,0
africa,0
lens,0
lineup,0
manirostom,0
crush,0
hypervenom,0
artist,0
boring,0
hottie,0
partner,0
octogono,0
thibautgrevet,0
late,0
destiny,0
sofast,0
arm,0
involve,0
list,0
shimoyamada,0
border,0
nesi,0
lockdown,0
girona,0
terrain,0
relationship,0
wrestler,0
twice,0
hide,0
catalyst,0
free,0
commitment,0
diversity,0
kind,0
demo,0
bush,0
channel,0
footy,0
runday,0
onestep4red,0
breathtaking,0
shernnotsean,0
rorymcilroy,0
hand,0
fee,0
series,0
anymore,0
wildhorse,0
attack,0
sexism,0
role,0
noite,0
spirit,0
witness,0
figure,0
jawahir_roble,0
kilometer,0
already,0
loop,0
yesterday,0
got,0
serena,0
gasp,0
photoby217,0
draft,0
femle,0
kobebryant,0
rungrlco,0
bond,0
sanity,0
fat_girl_has_moxi,0
defender,0
combine,0
begin,0
outrun,0
bar,0
convince,0
aunt,0
moon,0
fuelbandse,0
stone,0
alexandre,0
freely,0
nunca,0
ballet,0
clear,0
flat,0
changeme2012,0
may,0
version,0
timely,0
education,0
seat,0
gruele,0
stephaniemeiling,0
ten,0
nbaallstar,0
luxury,0
nomaybe,0
liquid,0
healthy,0
hip,0
differently,0
veteran,0
pretty,0
cage,0
liberate,0
shape,0
title,0
tocreate,0
display,0
amanh,0
strike,0
predominantly,0
album,0
impossible,0
pasadena,0
surf,0
lesbleus,0
hijab,0
ruthossaistudio,0
november,0
case,0
pave,0
cabin,0
contact,0
dinaashersmith,0
melbourne,0
canlucatutis,0
10ks,0
leave,0
island,0
diving,0
competitive,0
lizamaman,0
crackdown,0
wellness,0
parking,0
injustice,0
championships,0
hurtado,0
communicate,0
posse,0
demand,0
03nataliagaitan,0
empty,0
speak,0
nikewoman,0
subject,0
niketennis,0
samanthakerr20,0
hero,0
madetoplay,0
cinturo,0
enjoy,0
possibility,0
age,0
underneath,0
tackle,0
made,0
receber,0
level,0
nikexnba,0
settle,0
goldhunter,0
luoyangggg,0
nourish,0
local,0
girls,0
paralympian,0
brittany,0
beat,0
especially,0
become,0
cricket,0
bear,0
succeed,0
active,0
serve,0
thomassimondp,0
performancethey,0
dutch,0
league,0
crisis,0
use,0
gymnastic,0
response,0
really,0
ensinou,0
stallion,0
soul,0
chairlift,0
term,0
motion,0
rank,0
unthinkable,0
willgoodan,0
crisp,0
2021,0
ethic,0
unnecessary,0
nod,0
debra,0
tall,0
usa,0
shatter,0
carririchardson,0
vary,0
2020,0
evie___lane,0
lifelong,0
double,0
shredder,0
kimiyasho,0
tiny,0
brighten,0
none,0
nowhere,0
eleven,0
grandest,0
child,0
unlimited,0
monica,0
svitolina,0
direction,0
donate,0
rest,0
blame,0
fearlessly,0
rule,0
language,0
bretmanrock,0
applause,0
jasmine,0
carnaval,0
seem,0
breaking2,0
mumbai,0
curriculum,0
definition,0
manmade,0
resilient,0
sprinter,0
energy,0
via,0
hardflip,0
shiho,0
momtaz,0
java,0
guidance,0
representation,0
must,0
weave,0
katebone,0
boston,0
chilean,0
azusa,0
surround,0
alpine,0
option,0
lucia,0
captain,0
tokyo,0
stigma,0
williams,0
balun,0
trial,0
rashford,0
congressi,0
american,0
proclaim,0
launch,0
shre,0
bonding,0
laptev_kirill,0
keenanmac,0
secret,0
wind,0
harlem,0
reflection,0
pat,0
toll,0
artiwara,0
jmedvedevaj,0
ji_soyun10,0
moneal,0
sometimes,0
finishline,0
2nd,0
werunsf,0
escreve,0
endurance,0
definitive,0
value,0
igtv,0
viva,0
chalk,0
waste,0
gift,0
collide,0
ramp,0
temperature,0
childotu,0
italy,0
disparity,0
stream,0
nrc,0
rush,0
anyone,0
2015,0
swiss,0
saint,0
perceive,0
headphone,0
askwhatif,0
integral,0
blister,0
undiscovered,0
bucket,0
shrink,0
baseball,0
emerge,0
establish,0
separate,0
boxing,0
fence,0
roster,0
parti,0
sozinha,0
squad,0
dahl,0
luanomatriz,0
amputate,0
sign,0
rupp,0
sail,0
unafraid,0
marcusrashford,0
michaelbjordan,0
joanbenoitsamuelson,0
agree,0
megan,0
successful,0
timer,0
llobregat,0
champ,0
evolution,0
mark,0
attention,0
migrant,0
thailand,0
kerronclement,0
pentagon,0
allow,0
26th,0
trazer,0
prefontaine,0
brooklyn,0
roxannefequiere,0
nike2020,0
daunt,0
rooney,0
hns_cff,0
power,0
bill,0
skill,0
wish,0
nikesverige,0
choose,0
motivation,0
rewrote,0
decorate,0
rug,0
sisterhood,0
gspon,0
online,0
rooftop,0
kyrieirving,0
frozen,0
triathlon,0
france,0
meeting,0
sundays,0
rawtape,0
skin,0
mackshepp,0
definitely,0
sand,0
saturday,0
play4kay,0
shake,0
illegal,0
naysayer,0
success,0
promise,0
deception,0
shalane,0
bank,0
advocacy,0
fight,0
receiver,0
difficult,0
fiber,0
skate_girls_snap,0
its_kairabaaa,0
complete,0
wait,0
serbian,0
paula_radcliffe,0
divide,0
information,0
lifestyle,0
achieve,0
gymkhana,0
jogamos,0
felipe,0
miss,0
fitsums,0
fun,0
longevity,0
perspective,0
uniforme,0
redseacitizen,0
northwest,0
unknown,0
revolutionize,0
taco,0
talk,0
millionaire,0
story,0
activity,0
scientist,0
chaotic,0
smell,0
lovingly,0
stereotype,0
saturdays,0
underestimated,0
fierce,0
modern,0
vestindo,0
heart,0
bed,0
jungle,0
smash,0
jordan,0
johannesburg,0
simone,0
4th,0
indonesia,0
connection,0
silver,0
joy,0
burn,0
nature,0
colour,0
thread,0
extraordinary,0
foe,0
family,0
daphneewingchow,0
kai,0
nicolasmuellair,0
rachwinwong,0
buddhist,0
condolence,0
financial,0
indian,0
wbu,0
visit,0
meticulous,0
rugged,0
educate,0
lawn,0
respect,0
rare,0
lunarendor,0
ability,0
blur,0
film,0
behind,0
proof,0
tragedy,0
approach,0
however,0
nationalchampionship,0
remain,0
happyfathersday,0
preedgolf,0
recovery,0
rexe,0
deserve,0
profit,0
bones,0
paralympic,0
orizaba,0
forgender,0
mvp,0
ruta,0
liftedrunner,0
creed2,0
tune,0
waffle,0
rarely,0
dreams,0
dozen,0
magic,0
upper,0
paddle,0
holding,0
kendrick,0
evening,0
conserve,0
unreal,0
dalia,0
marcgasol,0
head,0
folk,0
dianataurasi,0
premiere,0
suppose,0
gosh,0
job,0
queen,0
incredible,0
background,0
professional,0
gasol,0
accommodate,0
fourth,0
negative,0
naomiosaka,0
irem,0
steal,0
model,0
vacation,0
assume,0
determined,0
myerolymos,0
modest,0
easy,0
enough,0
empowerment,0
empower,0
iceland,0
joan,0
campus,0
florida,0
lebron12,0
masterful,0
space,0
henry,0
basquet,0
15k,0
everyone,0
everything,0
conversation,0
shortcut,0
dylan,0
airwave,0
ingridsilva,0
breda,0
jewelry,0
revolution,0
erynncpatrick,0
ivanaspanovic,0
smooth,0
osterley,0
footballbeyondborder,0
defend,0
eliminate,0
baylor,0
holland,0
happiness,0
toddantonyphoto,0
broken,0
tired,0
collect,0
brasileira,0
best,0
process,0
therealanarvaez,0
homework,0
eight,0
teach,0
mirror,0
command,0
probably,0
willing,0
traditionally,0
dunn,0
radjoe74,0
recycle,0
shave,0
respectful,0
relevant,0
rome,0
king,0
truly,0
luis,0
martingarrix,0
belt,0
vamos,0
campaign,0
former,0
choice,0
mathewfras,0
oregongridiron,0
leg,0
jdscigano,0
elisvitolina,0
perfeio,0
membership,0
social,0
student,0
600,0
philippines,0
protect,0
noexcuse,0
room,0
seven,0
complaining,0
transcend,0
fever,0
country,0
zone,0
hunker,0
throughout,0
shot,0
wheel,0
write,0
olihillyer_riley,0
glow,0
fitsumnyc,0
ayus,0
kipchoge,0
picture,0
powder,0
strengthen,0
piece,0
recognize,0
madness,0
credit,0
manuellinan,0
extension,0
marc,0
different,0
spit,0
fact,0
durzt,0
prelive,0
thelegendgrow,0
toughness,0
groove,0
philosophy,0
people,0
situation,0
grade,0
adela,0
certain,0
mad,0
golden,0
nikeyoungathlete,0
dominicnahr,0
circuit,0
kianahayeri,0
concrete,0
obsessive,0
daughter,0
grandstand,0
someday,0
samuelson,0
whole,0
nikerunne,0
gain,0
13thwitness,0
chain,0
equipment,0
extend,0
unless,0
adwoaaboah,0
tamtambasketball_official,0
official,0
flood,0
sight,0
australian,0
untilweallwin,0
episode,0
afrojack,0
sting,0
march,0
accomplishment,0
croatia,0
homestretch,0
superfly,0
masters,0
belief,0
vault,0
barrier,0
flower,0
supernatural,0
singular,0
qualifying,0
system,0
bebe_vio,0
absolute,0
pipe,0
soon,0
upside,0
outsole,0
guide,0
mud,0
fairway,0
advice,0
weatherman,0
niketoronto,0
homeland_life,0
public,0
benoit,0
tex,0
rubber,0
ocean,0
documentary,0
hyde,0
myth,0
alabamafbl,0
histria,0
grief,0
surfer,0
happy,0
airmax,0
vote,0
somewhere,0
sole,0
statue,0
slip,0
lodge,0
native,0
reminder,0
nikewomen,0
mariepurvis,0
tight,0
fighting,0
erickoston,0
futebol,0
snowboarding,0
answer,0
balance,0
dare,0
forth,0
yi_jl,0
later,0
root,0
nikerunningfor,0
joshblaaberg,0
moscow,0
rich,0
attitude,0
teeixeirale,0
federer,0
monday,0
upuntil,0
confident,0
nesse,0
mariasharapova,0
loss,0
pinoy,0
wave,0
galen,0
paulaaloe,0
onestep4re,0
equality,0
problem,0
yeah,0
gap,0
obstacle,0
nani183,0
quiet,0
peak,0
riding,0
dibaba,0
intense,0
atop,0
mindful,0
require,0
earthday,0
wherever,0
tiana,0
retreat,0
19th,0
stunning,0
freedom,0
kendricklamar,0
2014,0
evolve,0
wake,0
traffic,0
consistently,0
carlosbrowngolf,0
ultimate,0
picigin,0
planet,0
yuyang_liu,0
diamonds,0
organization,0
razr_2911,0
communityand,0
forge,0
podium,0
stopasianhate,0
limit,0
makena,0
bold,0
possible,0
graffiti,0
exist,0
aim,0
ramla,0
hub,0
movie,0
ask,0
mundo,0
worth,0
headband,0
significant,0
sealeis,0
shred,0
fencing,0
louder,0
njr,0
bug,0
third,0
uneven,0
circle,0
backyard,0
marlou,0
bit,0
expand,0
centric,0
anything,0
drag,0
possession,0
huge,0
small,0
wintheday,0
jordanligon,0
washington,0
dedicate,0
hoops,0
1916,0
_gabrielflore,0
comment,0
truck,0
realshellyannfp,0
abraham,0
lupitanyongo,0
krumpe,0
america,0
betterforit,0
regularly,0
6kcounts,0
pacific,0
catch,0
awhile,0
wood,0
lagos,0
poverty,0
curl,0
passionate,0
werundc,0
single,0
medium,0
waiting,0
tournament,0
bravery,0
maker,0
increase,0
embrace,0
cdunn19,0
500,0
prototype,0
nba,0
apologize,0
whittle,0
noise,0
mrapinoe,0
without,0
starting,0
hibernate,0
reclaim,0
meditation,0
ribbon,0
donation,0
blaze,0
precious,0
throw,0
dijk,0
emily_mcdon,0
helped,0
stumble,0
sbird10,0
youand,0
54ghost,0
rather,0
playinside,0
busy,0
tinkering,0
paula,0
netherlands,0
alp,0
runners,0
neymarjr,0
baller,0
surfing,0
kettlebell,0
selfie,0
summerisserious,0
father,0
upholdlongstande,0
unrelenting,0
somebodys,0
short,0
wide,0
hyperfeel,0
aconcagua,0
champagnepapi,0
urgency,0
carlos,0
gras,0
fakhriamomtaz,0
mikecarson,0
sunset,0
marcus,0
entertainer,0
reroute,0
regram,0
post,0
self,0
toe,0
qualify,0
dry,0
junior,0
whenever,0
justice,0
damn,0
roller,0
trail,0
altitude,0
brother,0
sunshine,0
flexibility,0
ball,0
dissect,0
click,0
masterpiece,0
conservative,0
safe,0
evgenia,0
office,0
repeat,0
cascades,0
proud,0
paugasol,0
hanin,0
sbado,0
pop,0
internationally,0
clearly,0
playrussian,0
consider,0
bartram,0
oppression,0
spinning,0
continually,0
gtx,0
eliud,0
nigelsylvester,0
division,0
tampa,0
carry,0
magical,0
shoulder,0
outplay,0
resident,0
spirited,0
deepen,0
melbournes,0
nonprofit,0
medvedeva,0
carolines,0
ronanksm,0
nadal,0
afghan,0
olympic,0
undefeated,0
friendship,0
authority,0
chukka,0
tammy,0
found,0
istanbul,0
crowded,0
covid,0
chrisanki,0
seattle,0
geoffreykamworor,0
tarkwa,0
tie,0
serenawilliams,0
pau,0
limitsno,0
domfishback,0
maxe,0
stick,0
lunarlon,0
everest,0
cement,0
betheproof,0
influence,0
boy,0
positive,0
natalia,0
madison,0
development,0
flwn,0
fiba,0
masai_ac,0
foraneymar,0
unexpected,0
yuns,0
freeflyknit,0
newtrick,0
playfortheworld,0
tde,0
alps,0
invest,0
ampe,0
cassandragiraldo,0
revelry,0
grandma,0
bike,0
earth,0
1952,0
https,0
accolade,0
dip,0
believer,0
inclusivity,0
commemorate,0
icon,0
keeps,0
holiday,0
desire,0
average,0
divasofcompton,0
birthplace,0
rebellious,0
trick,0
mission,0
shimizu,0
excited,0
hayward,0
avid,0
effect,0
exercise,0
navigate,0
excuse,0
conclusion,0
slope,0
aggressive,0
hackney,0
sheer,0
pond,0
industry,0
court,0
kamworor,0
cross,0
j_nesi,0
honor,0
gutsiness,0
swimming,0
costume,0
volunteer,0
strand,0
sahraisha,0
divas,0
boi,0
landscape,0
simonahalep,0
formula,0
vashtizzle,0
initiative,0
weight,0
dylanalcott,0
bag,0
teaching,0
hop,0
literacy,0
order,0
wear,0
nikelondon,0
footprint,0
scorer,0
voltwoman,0
skating,0
sense,0
dirt,0
kipchogeeliud,0
failure,0
state,0
knit,0
makersofthegame,0
happyearthday,0
joelhoneywell,0
foil,0
fittest,0
mars,0
argentina,0
tuscaloosa,0
yukai,0
nicole,0
boxer,0
lajamanu,0
hell,0
beyond,0
either,0
recently,0
helden,0
congratulation,0
swing,0
inner,0
college,0
doubt,0
uconn,0
adopt,0
jiyapinder,0
box,0
virgilvandijk,0
manila,0
fsb,0
cerebral,0
barbadian,0
aspiration,0
sports,0
theestallion,0
rafaelnadal,0
research,0
paulo,0
abuela,0
affect,0
400,0
discovery,0
act,0
call,0
entertain,0
capable,0
reality,0
scene,0
vocal,0
size,0
caroline,0
triumphant,0
volume,0
emphasize,0
trim,0
ou_football,0
bay,0
b360baltimore,0
breakthrough,0
outdoors,0
board,0
olympics,0
medals,0
switch,0
sideline,0
even,0
pace,0
pre,0
kevinhart4real,0
seriously,0
timeazusa,0
nickname,0
east,0
blacksinballet,0
meowyjo,0
uninterrupted,0
elementary,0
hope,0
sbpanam,0
remarkable,0
cheerleader,0
jumpman,0
nymade,0
highlight,0
yasemin,0
laugh,0
overnight,0
balletic,0
suggestion,0
http,0
vegas,0
cry,0
pennant,0
depend,0
fail,0
opposite,0
toenail,0
hanna_backstrom,0
government,0
racial,0
obsess,0
brunch,0
potential,0
18th,0
hungry,0
jianlian,0
7th,0
pisa,0
quite,0
365,0
menos,0
spiritual,0
whose,0
british,0
talent,0
fcharlem,0
plywood,0
supreme,0
gymnast,0
bebe,0
skater,0
recruit,0
nie,0
jonnybone,0
backroad,0
complain,0
hot,0
ski,0
total,0
gender,0
octagon,0
control,0
visible,0
winner,0
mistake,0
commiserating,0
uswnt,0
unimaginable,0
wall,0
bench,0
deflect,0
nighttime,0
trophy,0
engineered,0
skateboard,0
declare,0
diaz,0
climate,0
nikesnowboardings,0
dive,0
actually,0
kms,0
crazy,0
enter,0
sterling,0
trend,0
grandfather,0
equal,0
competitiveness,0
basic,0
sound,0
sant,0
ouseserbrasileiro,0
halep,0
away,0
sneak,0
refrain,0
titan,0
project,0
manage,0
youcantstopus,0
type,0
striker,0
rainbow,0
participation,0
simonebile,0
cortez,0
lunar2,0
golfing,0
nobody,0
garros,0
simple,0
pound,0
cancer,0
camp,0
beautiful,0
threat,0
meal,0
leepster,0
dance,0
lie,0
280,0
rogerfederer,0
iron,0
obviously,0
serious,0
honeys,0
impression,0
russia,0
roco_runs,0
outspoken,0
barclays,0
accordance,0
paradise,0
risk,0
prodigy,0
tradition,0
ensure,0
innovator,0
excitement,0
mondays,0
buddhism,0
benchmark,0
breast,0
abuelas,0
nairobi,0
mindset,0
meaning,0
senegalese,0
pool,0
tcsnycmarathon,0
eastern,0
ghanian,0
volleyball,0
democratic,0
relentlessly,0
north,0
performer,0
link,0
kerr,0
yoff,0
kristina,0
saradunlop,0
major,0
owner,0
stubborn,0
pursue,0
sorry,0
devote,0
jump,0
ensine,0
regret,0
